Treatmeant,Ingestion,FCE
45,14.95522388,26.13978495
56,21.85074627,27.1827957
65,27.2238806,27.66666667
75,25.34328358,27.75268817
84,31.97014925,29.16129032
93,33,26.03225806
